1,번호제목작성자작성일조회파일
2,886[RIS에너지신산업사업단] 제2회 미래 특장차산업 박람..RIS에너지...2024-05-0979
3,885<찾아가는 고전강좌> 안내인문도시센터2024-05-0874
4,884[의류학부] 2024학년도 제 27회 의류학부 졸업작품..의류학부2024-05-01149
5,"883[군산시] 두근두근 인연만들기 청춘, 섬愛잇다대외협력본부2024-04-23364"
6,882[총동아리연합회] 2024학년도 1학기 중앙동아리 등록..학생지원과2024-03-26428
7,881[한국대학사회봉사협의회] 2024년 농촌 맞춤형 봉사활..학생지원과2024-03-19312
8,880[해양경찰청] 2024년 해양경찰 국민기자단 모집학생지원과2024-03-19186
9,879[국립야생동물질병관리원] 제2기 SNS 기자단 모집학생지원과2024-03-15234
10,878[아동권리보장원] 2024년 제4기 아동위원회 조력자(..학생지원과2024-03-15102
11,877[국가보훈부] 2024 유엔참전용사 후손교류캠프 국내 ..학생지원과2024-03-15108
